{"cameraMode":{"drawMode":0,"name":"Shaded","section":"Shading Mode"},"sceneLighting":false,"audioPlay":false,"sceneViewState":{"showFog":true,"showMaterialUpdate":false,"showSkybox":false,"showFlares":true,"showImageEffects":true,"showParticleSystems":true},"in2DMode":false,"pivot":{"x":-1.3901000022888184,"y":-1.3427196741104127,"z":13.642972946166993},"rotation":{"x":-0.04139639437198639,"y":0.010188831016421318,"z":-0.00043652686872519553,"w":-0.9991153478622437},"size":2.4452342987060549,"orthographic":false}