{"cameraMode":{"drawMode":0,"name":"Shaded","section":"Shading Mode"},"sceneLighting":false,"audioPlay":false,"sceneViewState":{"showFog":true,"showMaterialUpdate":false,"showSkybox":false,"showFlares":true,"showImageEffects":true,"showParticleSystems":true},"in2DMode":false,"pivot":{"x":-0.11947871744632721,"y":0.1001809686422348,"z":-0.014556944370269776},"rotation":{"x":0.00028569294954650104,"y":-0.9997163414955139,"z":0.018606392666697503,"w":0.015902860090136529},"size":1.1392788887023926,"orthographic":false}